,batch_id,case_moving,case_fixed,phase_moving,phase_fixed,loss,loss_sim,loss_reg,ssim,tre,tre_std,folding_perc,std_jac_det,gpu_speed
0,0,3,3,50,0,-0.6963093280792236,-0.6968182921409607,0.0005089805345050991,0.875681459903717,,,0.0,0.039016447961330414,0.046224734745919704
1,1,21,21,50,0,-0.6398059129714966,-0.6402338147163391,0.0004279077984392643,0.8090160489082336,,,0.0,0.03619169443845749,0.04629451595246792
