,batch_id,case_moving,case_fixed,phase_moving,phase_fixed,loss,loss_sim,loss_reg,ssim,tre,tre_std,folding_perc,std_jac_det,gpu_speed
<<<<<<< HEAD
0,0,3,3,50,0,-0.6963093280792236,-0.6968182921409607,0.0005089805345050991,0.875681459903717,,,0.0,0.039016447961330414,0.046224734745919704
1,1,21,21,50,0,-0.6398059129714966,-0.6402338147163391,0.0004279077984392643,0.8090160489082336,,,0.0,0.03619169443845749,0.04629451595246792
=======
0,0,3,3,50,0,-0.6941259503364563,-0.6946292519569397,0.0005033310153521597,0.8741298913955688,,,0.0,0.038980308920145035,0.03786300006322563
1,1,21,21,50,0,-0.6368263959884644,-0.6372500658035278,0.00042366026900708675,0.8058571815490723,,,0.0,0.03606041148304939,0.03487679990939796
>>>>>>> 257bd2a54dbfb36de560db66ca259015f51f2905
