,batch_id,case_moving,case_fixed,phase_moving,phase_fixed,loss,loss_sim,loss_reg,ssim,tre,tre_std,folding_perc,std_jac_det,gpu_speed
0,0,3,3,50,0,-0.748450756072998,-0.7499569654464722,0.0015061914455145597,0.9332663416862488,2.4362981799657626,1.7386524716938925,0.0,0.09569994360208511,0.05255453661084175
1,1,21,21,50,0,-0.6976973414421082,-0.6990118026733398,0.0013144606491550803,0.8729742765426636,2.421858497823538,1.4365957940333125,0.0,0.08566270023584366,0.05475348420441151
