,batch_id,case_moving,case_fixed,phase_moving,phase_fixed,loss,loss_sim,loss_reg,ssim,tre,tre_std,folding_perc,std_jac_det,gpu_speed
0,0,3,3,50,0,-0.7662529349327087,-0.7688128352165222,0.0025599198415875435,0.9498042464256287,1.9720017077104257,1.3128404820338953,0.0,0.10936450958251953,0.04656859301030636
1,1,21,21,50,0,-0.7162457704544067,-0.7182530164718628,0.0020072567276656628,0.889533519744873,2.047441221607622,1.1546230581632762,0.0,0.09904761612415314,0.04690058156847954
