,batch_id,case_moving,case_fixed,phase_moving,phase_fixed,loss,loss_sim,loss_reg,ssim,tre,tre_std,folding_perc,std_jac_det,gpu_speed
0,0,3,3,50,0,-0.6231358647346497,-0.6239766478538513,0.0008408091380260885,0.8129432797431946,10.390330584804008,6.28393507258971,0.0,0.07862554490566254,0.049305787310004234
1,1,21,21,50,0,-0.6279479265213013,-0.6285627484321594,0.0006148383254185319,0.7913229465484619,11.670056671388027,6.648739217183346,0.0,0.060920730233192444,0.05078301392495632
