,batch_id,case_moving,case_fixed,phase_moving,phase_fixed,loss,loss_sim,loss_reg,ssim,tre,tre_std,folding_perc,std_jac_det,gpu_speed
0,0,3,3,50,0,-0.6742364764213562,-0.6742838621139526,4.740395161206834e-05,0.8567085862159729,6.2369092814344596,3.932356315849532,0.0,0.022272543981671333,0.0589946024119854
1,1,21,21,50,0,-0.6458721160888672,-0.6459153890609741,4.326632188167423e-05,0.8127164840698242,6.004663279520537,3.393491185994338,0.0,0.020696688443422318,0.058735309168696404
