,batch_id,case_moving,case_fixed,phase_moving,phase_fixed,loss,loss_sim,loss_reg,ssim,tre,tre_std,folding_perc,std_jac_det,gpu_speed
0,0,3,3,50,0,-0.687941312789917,-0.6903071999549866,0.002365903463214636,0.8780137896537781,6.402701655236744,4.23898968648752,0.055564429610967636,0.1410628706216812,0.08361759223043919
1,1,21,21,50,0,-0.6352081894874573,-0.6380082368850708,0.002800022019073367,0.8148321509361267,4.583820013262757,3.980562575170251,0.13099999725818634,0.16777366399765015,0.08240507170557976
