,batch_id,case_moving,case_fixed,phase_moving,phase_fixed,loss,loss_sim,loss_reg,ssim,tre,tre_std,folding_perc,std_jac_det,gpu_speed
0,0,4,4,50,0,-0.7073173522949219,-0.708328366279602,0.0010110433213412762,0.9031482338905334,4.14098798424729,2.879495031609252,0.0,0.08473584800958633,47.31527131050825
1,1,7,7,50,0,-0.6975723505020142,-0.6986883282661438,0.0011159677524119616,0.8311544060707092,6.735212883301884,5.1592733544337275,0.0,0.08081226050853729,0.0842319205403328
2,2,9,9,50,0,-0.6795941591262817,-0.6803851127624512,0.0007909624837338924,0.9142871499061584,4.224072053815531,2.599622913297144,0.0,0.06687945127487183,0.04596330225467682
3,3,10,10,50,0,-0.678139328956604,-0.6791305541992188,0.0009911995148286223,0.8669754862785339,4.178400069127838,4.267701547385454,0.0,0.07580465078353882,0.045747844502329826
4,4,26,26,50,0,-0.5887762904167175,-0.5897375345230103,0.0009612514404579997,0.7031764388084412,9.509125875131845,5.307551907452233,0.0,0.07709764689207077,0.04600599221885204
5,5,27,27,50,0,-0.7317908406257629,-0.7327322363853455,0.0009413745137862861,0.8462881445884705,1.962607309155928,1.113708159565445,0.0,0.08404991030693054,0.04598039947450161
