,batch_id,case_moving,case_fixed,phase_moving,phase_fixed,loss,loss_sim,loss_reg,ssim,tre,tre_std,folding_perc,std_jac_det,gpu_speed
0,0,3,3,50,0,-0.7660348415374756,-0.768513023853302,0.0024781650863587856,0.9494322538375854,1.9773138493143296,1.328528137140559,0.0,0.10751260817050934,0.04658143408596516
1,1,21,21,50,0,-0.7157344818115234,-0.7176884412765503,0.0019539843779057264,0.888713538646698,2.035848193381037,1.2021896983008005,0.0,0.09763150662183762,0.0472651869058609
