,batch_id,case_moving,case_fixed,phase_moving,phase_fixed,loss,loss_sim,loss_reg,ssim,tre,tre_std,folding_perc,std_jac_det,gpu_speed
0,0,3,3,50,0,-0.6649554967880249,-0.6649818420410156,2.632567338878289e-05,0.8487064838409424,7.333238161583756,4.11774058862196,0.0,0.014301126822829247,0.05870668590068817
1,1,21,21,50,0,-0.6328579783439636,-0.63288414478302,2.615471566969063e-05,0.7958884835243225,7.098162612625438,3.648539374774437,0.0,0.014702941291034222,0.05910866893827915
