,batch_id,case_moving,case_fixed,phase_moving,phase_fixed,loss,loss_sim,loss_reg,ssim,tre,tre_std,folding_perc,std_jac_det,gpu_speed
0,0,3,3,50,0,-0.6934999227523804,-0.6943538784980774,0.00085394864436239,0.882079005241394,5.746479558817834,3.891893136550202,0.0,0.06987990438938141,0.03701100000034785
1,1,21,21,50,0,-0.6590031981468201,-0.6595135927200317,0.0005103731527924538,0.8242778778076172,5.638088336161898,3.4275980695038504,0.0,0.05375389754772186,0.04263840000021446
