,batch_id,case_moving,case_fixed,phase_moving,phase_fixed,loss,loss_sim,loss_reg,ssim,tre,tre_std,folding_perc,std_jac_det,gpu_speed
0,0,3,3,50,0,-0.7503296136856079,-0.7518817186355591,0.0015521016903221607,0.9341259002685547,2.5321191451111367,1.8011253722788034,0.0,0.09451577812433243,0.07947136834263802
1,1,21,21,50,0,-0.6972522139549255,-0.6985713243484497,0.0013191027101129293,0.8722318410873413,2.1866842287556776,1.4687642571079618,0.0,0.08617446571588516,0.07541978918015957
