,batch_id,case_moving,case_fixed,phase_moving,phase_fixed,loss,loss_sim,loss_reg,ssim,tre,tre_std,folding_perc,std_jac_det,gpu_speed
0,0,3,3,50,0,-0.6946974992752075,-0.6952101588249207,0.0005126559408381581,0.8749547600746155,,,0.0,0.03920062631368637,0.03670900012366474
1,1,21,21,50,0,-0.6376447081565857,-0.6380738019943237,0.0004291103396099061,0.8068811893463135,,,0.0,0.036103542894124985,0.03822260000742972
