,batch_id,case_moving,case_fixed,phase_moving,phase_fixed,loss,loss_sim,loss_reg,ssim,tre,tre_std,folding_perc,std_jac_det,gpu_speed
0,0,3,3,50,0,-0.7487841844558716,-0.7501687407493591,0.0013845599023625255,0.9319156408309937,2.51842466833657,1.8538224523375402,0.0,0.09109180420637131,0.07856442406773567
1,1,21,21,50,0,-0.6985997557640076,-0.6998239755630493,0.0012242109514772892,0.8723579049110413,2.329824664449876,1.6701382964879796,0.0,0.08370822668075562,0.06430993229150772
