,batch_id,case_moving,case_fixed,phase_moving,phase_fixed,loss,loss_sim,loss_reg,ssim,tre,tre_std,folding_perc,std_jac_det,gpu_speed
0,0,4,4,50,0,-0.6532108187675476,-0.6564568877220154,0.0032460815273225307,0.8480026721954346,2.533825521322656,1.6952141900074476,0.0,0.1813047081232071,47.37127183564007
1,1,7,7,50,0,-0.6932700276374817,-0.6958497166633606,0.0025797169655561447,0.8374805450439453,4.689829562739806,3.7630202563173283,0.0,0.13612188398838043,0.12500600703060627
2,2,9,9,50,0,-0.6577523946762085,-0.6602329611778259,0.002480539958924055,0.9079362750053406,3.3363798977654224,1.8857606536775782,0.0,0.15346743166446686,0.08425214886665344
3,3,10,10,50,0,-0.6098998188972473,-0.6131818890571594,0.0032820459455251694,0.8288741111755371,2.9870066324589932,3.0746582571476178,0.0,0.16118569672107697,0.07669511064887047
4,4,26,26,50,0,-0.60152667760849,-0.6049036383628845,0.0033769551664590836,0.7297701239585876,4.6666363889764915,4.537619759778254,0.0,0.1459420770406723,0.061977289617061615
5,5,27,27,50,0,-0.7589370608329773,-0.7606550455093384,0.0017179831629619002,0.8735665678977966,1.7390884651395153,0.7488797281617751,0.0,0.1153872013092041,0.08438925258815289
