,batch_id,case_moving,case_fixed,phase_moving,phase_fixed,loss,loss_sim,loss_reg,ssim,tre,tre_std,folding_perc,std_jac_det,gpu_speed
0,0,3,3,50,0,-0.3626633882522583,-0.36482352018356323,0.002160117495805025,0.5805025100708008,5.918189156851049,2.513758405139652,0.0,0.11535455286502838,0.08792824484407902
1,1,21,21,50,0,-0.3582470715045929,-0.36056938767433167,0.0023223075550049543,0.5576930642127991,5.936440358344561,2.0752826891643754,0.0,0.11272669583559036,0.08806696906685829
