,batch_id,case_moving,case_fixed,phase_moving,phase_fixed,loss,loss_sim,loss_reg,ssim,tre,tre_std,folding_perc,std_jac_det,gpu_speed
0,0,3,3,50,0,-0.6827383041381836,-0.6830581426620483,0.00031983997905626893,0.8674049377441406,5.221998822816126,3.6689344079562582,0.0,0.051357515156269073,0.04913617670536041
1,1,21,21,50,0,-0.6528838872909546,-0.6531217694282532,0.00023790373234078288,0.8181205987930298,5.163869626255019,3.108936474716986,0.0,0.04716318100690842,0.07627221755683422
