,batch_id,case_moving,case_fixed,phase_moving,phase_fixed,loss,loss_sim,loss_reg,ssim,tre,tre_std,folding_perc,std_jac_det,gpu_speed
0,0,4,4,50,0,-0.7080034613609314,-0.7090180516242981,0.0010146070271730423,0.9038874506950378,4.005272409202857,2.763473229894991,0.0,0.08144956082105637,45.89285043440759
1,1,7,7,50,0,-0.6972061991691589,-0.6983018517494202,0.001095633371733129,0.830869197845459,6.843436838472409,4.980647501608962,0.0,0.07752656936645508,0.053322119638323784
2,2,9,9,50,0,-0.6844124794006348,-0.6852108836174011,0.0007983940886333585,0.9184883236885071,3.9591574161956204,2.4945350551446497,0.0,0.06419683992862701,0.04689731076359749
3,3,10,10,50,0,-0.6823456883430481,-0.6833403706550598,0.0009946981444954872,0.8696340918540955,4.282893084403525,4.254769542895351,0.0,0.07275355607271194,0.04677670821547508
4,4,26,26,50,0,-0.5950109362602234,-0.5958982110023499,0.000887255126144737,0.7078542709350586,9.43254793116363,5.41198983966983,0.0,0.06863085925579071,0.04699636064469814
5,5,27,27,50,0,-0.7483009099960327,-0.7492137551307678,0.0009128516539931297,0.8642943501472473,1.8540918836477664,1.0732212078032821,0.0,0.07954687625169754,0.04656074568629265
