,batch_id,case_moving,case_fixed,phase_moving,phase_fixed,loss,loss_sim,loss_reg,ssim,tre,tre_std,folding_perc,std_jac_det,gpu_speed
0,0,4,4,50,0,-0.699138343334198,-0.7000898718833923,0.0009515569545328617,0.8971958756446838,4.00177228112135,2.7567518925118826,0.0,0.07835175096988678,46.38060172274709
1,1,7,7,50,0,-0.6865787506103516,-0.6874598264694214,0.0008810473955236375,0.8204635381698608,6.819706931081536,5.181142598725092,0.0,0.06729444861412048,0.06943338178098202
2,2,9,9,50,0,-0.6676799654960632,-0.6683846712112427,0.0007046840619295835,0.9049956798553467,4.1726851533715115,2.3891765223534214,0.0,0.059825263917446136,0.05936487205326557
3,3,10,10,50,0,-0.6700074672698975,-0.6708036661148071,0.0007962179370224476,0.8623905181884766,4.337263374824561,4.557071460387638,0.0,0.06309766322374344,0.05839540436863899
4,4,26,26,50,0,-0.5881039500236511,-0.5889001488685608,0.0007961717201396823,0.7004913091659546,9.356419216371492,5.598731934014211,0.0,0.062219999730587006,0.05924905836582184
5,5,27,27,50,0,-0.7278926968574524,-0.7287110686302185,0.0008183761383406818,0.8427543044090271,1.9638225914764524,1.3463813550691068,0.0,0.07698117196559906,0.05972212739288807
