,batch_id,case_moving,case_fixed,phase_moving,phase_fixed,loss,loss_sim,loss_reg,ssim,tre,tre_std,folding_perc,std_jac_det,gpu_speed
0,0,4,4,50,0,-0.7155829668045044,-0.7168066501617432,0.0012236664770171046,0.9131259322166443,3.6821797669995204,2.7286729519977895,0.0,0.09269148856401443,46.3795831669122
1,1,7,7,50,0,-0.7065015435218811,-0.7078415751457214,0.0013400025200098753,0.8409507274627686,6.642257016692556,5.281275749542257,0.0,0.08853518217802048,0.06738815642893314
2,2,9,9,50,0,-0.687415599822998,-0.6883152723312378,0.0008996552787721157,0.9205774068832397,4.015245714800283,2.2741506868220944,0.0,0.07015940546989441,0.056772323325276375
3,3,10,10,50,0,-0.6862462759017944,-0.6874123811721802,0.0011661350727081299,0.8723710775375366,4.0973259855947255,4.1655504029434205,0.0,0.078964464366436,0.05878685787320137
4,4,26,26,50,0,-0.600007176399231,-0.6011351943016052,0.001127990777604282,0.7133976817131042,9.24896706941643,5.654233042961312,0.0,0.07865315675735474,0.05754733830690384
5,5,27,27,50,0,-0.7533981204032898,-0.7543925046920776,0.0009943833574652672,0.8687341213226318,1.858540040547751,1.0359349859193197,0.0,0.08488919585943222,0.057324254885315895
