,batch_id,case_moving,case_fixed,phase_moving,phase_fixed,loss,loss_sim,loss_reg,ssim,tre,tre_std,folding_perc,std_jac_det,gpu_speed
0,0,3,3,50,0,-0.6742607355117798,-0.6743077039718628,4.694482049671933e-05,0.8567106127738953,6.2385243043964715,3.9330618417133616,0.0,0.022123301401734352,0.05896785482764244
1,1,21,21,50,0,-0.6459081172943115,-0.6459510922431946,4.296510815038346e-05,0.8127426505088806,6.00633848634507,3.394433961623524,0.0,0.02060290239751339,0.06199515052139759
