,batch_id,case_moving,case_fixed,phase_moving,phase_fixed,loss,loss_sim,loss_reg,ssim,tre,tre_std,folding_perc,std_jac_det,gpu_speed
0,0,3,3,50,0,-0.6253536343574524,-0.6254375576972961,8.390923903789371e-05,0.8141826391220093,5.796159373344362,3.6743039252930116,0.0,0.023999208584427834,0.07886774092912674
1,1,21,21,50,0,-0.6096559166908264,-0.6097480654716492,9.212907025357708e-05,0.7865455150604248,5.2947713085494295,3.207309736617368,0.0,0.025115787982940674,0.07950822822749615
