,batch_id,case_moving,case_fixed,phase_moving,phase_fixed,loss,loss_sim,loss_reg,ssim,tre,tre_std,folding_perc,std_jac_det,gpu_speed
0,0,3,3,50,0,-0.7334046959877014,-0.7343484163284302,0.0009437146363779902,0.9251840114593506,3.3993463964731037,2.65916591548749,0.0,0.07086779922246933,0.06000117212533951
1,1,21,21,50,0,-0.715014636516571,-0.7158671617507935,0.0008525217417627573,0.8865411877632141,2.0027996487709183,1.4919412146153828,0.0,0.0622071772813797,0.060053931549191475
