,batch_id,case_moving,case_fixed,phase_moving,phase_fixed,loss,loss_sim,loss_reg,ssim,tre,tre_std,folding_perc,std_jac_det,gpu_speed
0,0,4,4,50,0,-0.6953966021537781,-0.6961755156517029,0.0007789214141666889,0.8925747871398926,4.631520567186228,3.025128944298234,0.0,0.07044851779937744,45.866302248090506
1,1,7,7,50,0,-0.6742933392524719,-0.6750106811523438,0.0007173562189564109,0.8073627352714539,7.308435534424725,5.471197904843025,0.0,0.06117846444249153,0.05356909893453121
2,2,9,9,50,0,-0.6655261516571045,-0.6660823822021484,0.0005562464939430356,0.9022423028945923,4.673701130954726,2.718865794863762,0.0,0.05318497493863106,0.04379986226558685
3,3,10,10,50,0,-0.6592198610305786,-0.6599595546722412,0.0007397203589789569,0.8541200757026672,4.413120202151424,4.41970635750088,0.0,0.06383567303419113,0.04387228935956955
4,4,26,26,50,0,-0.5790079832077026,-0.5796831846237183,0.0006752217886969447,0.690984308719635,9.740014697909276,5.338669480279146,0.0,0.06197650358080864,0.04337663948535919
5,5,27,27,50,0,-0.7087984085083008,-0.7094578146934509,0.000659414567053318,0.8252987265586853,2.2425603040736584,1.5891747903016469,0.0,0.07023324072360992,0.04350491613149643
