,batch_id,case_moving,case_fixed,phase_moving,phase_fixed,loss,loss_sim,loss_reg,ssim,tre,tre_std,folding_perc,std_jac_det,gpu_speed
0,0,3,3,50,0,-0.6295086145401001,-0.6297022700309753,0.00019368084031157196,0.8221490979194641,6.380858188580023,3.918022867225131,0.0,0.04945947974920273,0.04495302215218544
1,1,21,21,50,0,-0.6074575185775757,-0.6075959801673889,0.00013844702334608883,0.777300238609314,6.078367861800094,3.200651671046792,0.0,0.039183057844638824,0.04489746876060963
