,batch_id,case_moving,case_fixed,phase_moving,phase_fixed,loss,loss_sim,loss_reg,ssim,tre,tre_std,folding_perc,std_jac_det,gpu_speed
0,0,3,3,50,0,-0.6463484168052673,-0.6464502811431885,0.00010185374412685633,0.834130048751831,6.089141817678003,3.863406732896844,0.0,0.03275810182094574,0.05854758433997631
1,1,21,21,50,0,-0.6312946081161499,-0.6313738226890564,7.920133066363633e-05,0.7971475124359131,5.736565642704166,3.276129926690018,0.0,0.026970606297254562,0.06625863909721375
