,batch_id,case_moving,case_fixed,phase_moving,phase_fixed,loss,loss_sim,loss_reg,ssim,tre,tre_std,folding_perc,std_jac_det,gpu_speed
0,0,3,3,50,0,-0.3740343153476715,-0.3753907382488251,0.0013564162654802203,0.5668502449989319,10.6281150552719,3.0856166031553567,0.0,0.09137411415576935,0.05872347950935364
1,1,21,21,50,0,-0.30482056736946106,-0.30639389157295227,0.0015733371255919337,0.46726763248443604,11.077054496453306,2.608975035222599,0.0,0.09855934232473373,0.058875733986496925
