,batch_id,case_moving,case_fixed,phase_moving,phase_fixed,loss,loss_sim,loss_reg,ssim,tre,tre_std,folding_perc,std_jac_det,gpu_speed
0,0,3,3,50,0,-0.7445349097251892,-0.7460489273071289,0.0015140101313591003,0.9291807413101196,2.4715864602837985,1.713080702140845,0.0,0.0950409471988678,0.049860527738928795
1,1,21,21,50,0,-0.6938338279724121,-0.6951528787612915,0.001319080009125173,0.8686752319335938,2.4053885733574187,1.492873577902616,0.0,0.08679846674203873,0.0510344710201025
