,batch_id,case_moving,case_fixed,phase_moving,phase_fixed,loss,loss_sim,loss_reg,ssim,tre,tre_std,folding_perc,std_jac_det,gpu_speed
0,0,3,3,50,0,-0.7481045126914978,-0.7495847940444946,0.0014802736695855856,0.932795524597168,2.549999938105065,1.8933411505164248,0.0,0.09536530822515488,0.04904641583561897
1,1,21,21,50,0,-0.6952722668647766,-0.6966093182563782,0.0013370303204283118,0.8708111047744751,2.3734021659121347,1.5377675570927494,0.0,0.08809208869934082,0.04870203882455826
