,batch_id,case_moving,case_fixed,phase_moving,phase_fixed,loss,loss_sim,loss_reg,ssim,tre,tre_std,folding_perc,std_jac_det,gpu_speed
0,0,3,3,50,0,-0.5255526900291443,-0.5257775187492371,0.00022480983170680702,0.7221599221229553,7.014057189874419,3.4636004549402055,0.0,0.03536292165517807,0.06366885080933571
1,1,21,21,50,0,-0.4997371435165405,-0.49998563528060913,0.0002484931901562959,0.6918162703514099,6.458375985923334,3.429571788215387,0.0,0.037770647555589676,0.0586460642516613
