,batch_id,case_moving,case_fixed,phase_moving,phase_fixed,loss,loss_sim,loss_reg,ssim,tre,tre_std,folding_perc,std_jac_det,gpu_speed
0,0,3,3,50,0,-0.7563778758049011,-0.7580740451812744,0.0016961409710347652,0.9396412372589111,2.1873013431304726,1.6224519052206179,0.0,0.09633326530456543,0.08298858255147934
1,1,21,21,50,0,-0.7096462845802307,-0.7109735012054443,0.0013272416545078158,0.8828234672546387,2.0096817237785563,1.5672274939913984,0.0,0.07933595776557922,0.0806557796895504
