,batch_id,case_moving,case_fixed,phase_moving,phase_fixed,loss,loss_sim,loss_reg,ssim,tre,tre_std,folding_perc,std_jac_det,gpu_speed
0,0,3,3,50,0,-0.39457985758781433,-0.396614134311676,0.0020342720672488213,0.6085605621337891,5.4886095020662955,2.109136276456178,0.0,0.11176333576440811,0.07125271670520306
1,1,21,21,50,0,-0.3896651864051819,-0.3918084502220154,0.002143249846994877,0.5941457748413086,4.911377116150124,2.123150576514479,0.0,0.11458270996809006,0.07286044582724571
