,batch_id,case_moving,case_fixed,phase_moving,phase_fixed,loss,loss_sim,loss_reg,ssim,tre,tre_std,folding_perc,std_jac_det,gpu_speed
0,0,3,3,50,0,-0.742155909538269,-0.7436659336090088,0.00151001603808254,0.9270871877670288,2.526031364636601,1.745358199861638,0.0,0.09577283263206482,0.06668028980493546
1,1,21,21,50,0,-0.6941800713539124,-0.6954774260520935,0.0012973255943506956,0.8691059947013855,2.3241321804293174,1.4986033568905723,0.0,0.08661694824695587,0.07655066438019276
