,batch_id,case_moving,case_fixed,phase_moving,phase_fixed,loss,loss_sim,loss_reg,ssim,tre,tre_std,folding_perc,std_jac_det,gpu_speed
0,0,4,4,50,0,-0.699651837348938,-0.7005074620246887,0.0008556079119443893,0.8960769772529602,4.4176769157317475,2.9512868509645007,0.0,0.0744670107960701,46.963890535756946
1,1,7,7,50,0,-0.6856829524040222,-0.686541736125946,0.0008587624761275947,0.8192090392112732,6.841290858462642,5.270199024696726,0.0,0.0670197382569313,0.07430422678589821
2,2,9,9,50,0,-0.6718139052391052,-0.672422468662262,0.0006085736094973981,0.9073180556297302,4.462906212801791,2.661736231340013,0.0,0.05697916820645332,0.04622696526348591
3,3,10,10,50,0,-0.6688084006309509,-0.6696107387542725,0.0008023359696380794,0.8588503003120422,4.382762491878871,4.578952113250307,0.0,0.06556114554405212,0.04587819240987301
4,4,26,26,50,0,-0.583600640296936,-0.5843388438224792,0.0007381738978438079,0.6962695717811584,9.553500560866373,5.504558397047479,0.0,0.06475000083446503,0.045670969411730766
5,5,27,27,50,0,-0.7157205939292908,-0.7165141701698303,0.000793550512753427,0.8309118747711182,2.020610739606879,1.359047851999072,0.0,0.07760726660490036,0.046058692038059235
