,batch_id,case_moving,case_fixed,phase_moving,phase_fixed,loss,loss_sim,loss_reg,ssim,tre,tre_std,folding_perc,std_jac_det,gpu_speed
0,0,4,4,50,0,-0.689480185508728,-0.6907588243484497,0.001278620446100831,0.8846146464347839,3.675147852313072,2.1620297955664536,0.0,0.08678729832172394,47.949805134907365
1,1,7,7,50,0,-0.6992577910423279,-0.7006468176841736,0.0013890510890632868,0.8332680463790894,6.03488080862044,4.866106422118571,0.0,0.09096813201904297,0.09629755280911922
2,2,9,9,50,0,-0.6652459502220154,-0.6661811470985413,0.0009352134075015783,0.9017478823661804,4.652610357512706,2.185625262780918,0.0,0.07355856895446777,0.08301185443997383
3,3,10,10,50,0,-0.6795048713684082,-0.6806842684745789,0.001179417478851974,0.8680446147918701,3.893642620079304,3.850137173521044,0.0,0.08250636607408524,0.08391636051237583
4,4,26,26,50,0,-0.593029797077179,-0.594321608543396,0.0012918243883177638,0.7060447931289673,8.680560614979973,5.022671753661619,0.0,0.08631353825330734,0.08199089765548706
5,5,27,27,50,0,-0.751092255115509,-0.7520869374275208,0.000994670670479536,0.8628855347633362,1.8261028055215973,1.102216903265171,0.0,0.08152574300765991,0.08634315803647041
