,batch_id,case_moving,case_fixed,phase_moving,phase_fixed,loss,loss_sim,loss_reg,ssim,tre,tre_std,folding_perc,std_jac_det,gpu_speed
0,0,3,3,50,0,-0.685720682144165,-0.6858679056167603,0.00014722600462846458,0.8661307096481323,6.27237393497781,3.989902360581728,0.0,0.03336086869239807,0.08500346727669239
1,1,21,21,50,0,-0.6423560380935669,-0.6424877047538757,0.00013168690202292055,0.8047521710395813,6.151182067683711,3.3644853940530246,0.0,0.033445995301008224,0.08683179505169392
