,batch_id,case_moving,case_fixed,phase_moving,phase_fixed,loss,loss_sim,loss_reg,ssim,tre,tre_std,folding_perc,std_jac_det,gpu_speed
0,0,4,4,50,0,-0.6891254782676697,-0.6899212598800659,0.0007958108326420188,0.8871768116950989,4.7432672557131506,2.850327495759027,0.0,0.06886617839336395,46.83693851158023
1,1,7,7,50,0,-0.6753578186035156,-0.6760008335113525,0.0006430367939174175,0.8062161207199097,7.488539260240851,5.591315162524314,0.0,0.058305323123931885,0.08815247192978859
2,2,9,9,50,0,-0.6675400733947754,-0.668140172958374,0.0006000736611895263,0.9034363031387329,4.800759220088923,2.797745666336696,0.0,0.056057918816804886,0.06556887738406658
3,3,10,10,50,0,-0.6557139158248901,-0.6563239693641663,0.0006100814789533615,0.8477745056152344,4.884678774436409,5.032126525693172,0.0,0.05574310943484306,0.0600045844912529
4,4,26,26,50,0,-0.5801658034324646,-0.5806739926338196,0.0005081958370283246,0.6904276609420776,10.528337604676835,6.467903958305751,0.0,0.04941049963235855,0.05952969193458557
5,5,27,27,50,0,-0.7261241674423218,-0.7267037034034729,0.0005795113975182176,0.8440034985542297,2.2483943184120863,1.7385211589981047,0.0,0.060884084552526474,0.0602971687912941
