,batch_id,case_moving,case_fixed,phase_moving,phase_fixed,loss,loss_sim,loss_reg,ssim,tre,tre_std,folding_perc,std_jac_det,gpu_speed
0,0,3,3,50,0,-0.646349310874939,-0.6464511752128601,0.00010185218707192689,0.8341302275657654,6.089148112788643,3.8634061601549057,0.0,0.0327577143907547,0.05063880607485771
1,1,21,21,50,0,-0.6312938332557678,-0.6313730478286743,7.920132338767871e-05,0.7971467971801758,5.736569550850443,3.2761219722145265,0.0,0.026970554143190384,0.051449017599225044
