,batch_id,case_moving,case_fixed,phase_moving,phase_fixed,loss,loss_sim,loss_reg,ssim,tre,tre_std,folding_perc,std_jac_det,gpu_speed
0,0,3,3,50,0,-0.7472348809242249,-0.7486843466758728,0.0014494543429464102,0.9311947822570801,2.542530990440507,1.8903210251814013,0.0,0.09220073372125626,0.07525663264095783
1,1,21,21,50,0,-0.6975699067115784,-0.6988435387611389,0.0012736142380163074,0.872054398059845,2.2799555496040513,1.5013841141896338,0.0,0.08493159711360931,0.08534861356019974
