,batch_id,case_moving,case_fixed,phase_moving,phase_fixed,loss,loss_sim,loss_reg,ssim,tre,tre_std,folding_perc,std_jac_det,gpu_speed
0,0,3,3,50,0,-0.7707404494285583,-0.7742012143135071,0.0034607937559485435,0.9541018605232239,1.7633332785015776,1.1595132965058255,0.0,0.13198222219944,0.08291300386190414
1,1,21,21,50,0,-0.7260395884513855,-0.7291159629821777,0.0030763554386794567,0.898395299911499,1.828471337687174,1.1386931944831682,0.0,0.12629543244838715,0.09199421666562557
