,batch_id,case_moving,case_fixed,phase_moving,phase_fixed,loss,loss_sim,loss_reg,ssim,tre,tre_std,folding_perc,std_jac_det,gpu_speed
0,0,3,3,50,0,-0.6742489337921143,-0.6742960810661316,4.715083559858613e-05,0.8567115664482117,6.237447673841998,3.9326483462491724,0.0,0.022183721885085106,0.0758142601698637
1,1,21,21,50,0,-0.6458771228790283,-0.6459202170372009,4.3104024371132255e-05,0.8127207159996033,6.005311632460464,3.3938310038476995,0.0,0.02064152993261814,0.08115712739527225
