,batch_id,case_moving,case_fixed,phase_moving,phase_fixed,loss,loss_sim,loss_reg,ssim,tre,tre_std,folding_perc,std_jac_det,gpu_speed
0,0,3,3,50,0,-0.6295079588890076,-0.6297016143798828,0.0001936847111210227,0.822148859500885,6.380844769485517,3.918018935153005,0.0,0.04945969954133034,0.05075160041451454
1,1,21,21,50,0,-0.6074563264846802,-0.6075947880744934,0.00013845098146703094,0.7772998213768005,6.078358516934496,3.2006419366882466,0.0,0.039183441549539566,0.05118471011519432
