,batch_id,case_moving,case_fixed,phase_moving,phase_fixed,loss,loss_sim,loss_reg,ssim,tre,tre_std,folding_perc,std_jac_det,gpu_speed
0,0,4,4,50,0,-0.6568897366523743,-0.65904301404953,0.0021532494574785233,0.8408259153366089,2.263109712358141,1.5336538745067538,0.0,0.1325499415397644,44.52364818751812
1,1,7,7,50,0,-0.693416953086853,-0.6955966949462891,0.0021797306835651398,0.8373058438301086,5.345880738874867,4.658858739145603,0.0,0.1282888948917389,0.0519960168749094
2,2,9,9,50,0,-0.6571382284164429,-0.6589605808258057,0.0018223440274596214,0.9044276475906372,3.2306557500717354,1.7895007628489314,0.0,0.12911301851272583,0.04616865888237953
3,3,10,10,50,0,-0.6024265289306641,-0.6050928831100464,0.0026663686148822308,0.825568437576294,3.397353365780599,2.4687621729883102,0.0,0.14650623500347137,0.046152226626873016
4,4,26,26,50,0,-0.5907241106033325,-0.5934385061264038,0.0027143959887325764,0.7161562442779541,5.5171033101370135,4.732112727159179,0.0,0.13373123109340668,0.04610391706228256
5,5,27,27,50,0,-0.7188721299171448,-0.7205199003219604,0.0016477787867188454,0.8406143188476562,1.6475498868339122,0.8554308943311464,0.0,0.10676588863134384,0.04632962867617607
