,batch_id,case_moving,case_fixed,phase_moving,phase_fixed,loss,loss_sim,loss_reg,ssim,tre,tre_std,folding_perc,std_jac_det,gpu_speed
0,0,4,4,50,0,-0.69584059715271,-0.6967973709106445,0.000956800882704556,0.8888923525810242,3.9338320853771087,2.5333631922352056,0.0,0.07768426835536957,47.77741717174649
1,1,7,7,50,0,-0.6946167349815369,-0.6956030130386353,0.0009862586157396436,0.8266820907592773,6.798689103250724,5.15725840028498,0.0,0.07698746770620346,0.09101801365613937
2,2,9,9,50,0,-0.6731056571006775,-0.6737945675849915,0.0006888833595439792,0.9073704481124878,4.491726199939054,2.494386228407768,0.0,0.06305694580078125,0.0814918614923954
3,3,10,10,50,0,-0.6775280237197876,-0.6784568428993225,0.0009288097498938441,0.8653659224510193,4.264516607019723,4.287421798994125,0.0,0.07378067821264267,0.08131433464586735
4,4,26,26,50,0,-0.588572084903717,-0.5894012451171875,0.0008291616104543209,0.6997548341751099,9.688562979136334,5.638157404387964,0.0,0.07177703827619553,0.08131268061697483
5,5,27,27,50,0,-0.7414875626564026,-0.7423652410507202,0.0008777058101259172,0.8542885780334473,1.9552772375766747,1.2147770749231237,0.0,0.07870320975780487,0.08187536709010601
