,batch_id,case_moving,case_fixed,phase_moving,phase_fixed,loss,loss_sim,loss_reg,ssim,tre,tre_std,folding_perc,std_jac_det,gpu_speed
0,0,3,3,50,0,-0.7460042238235474,-0.7474554181098938,0.0014511909103021026,0.9306349754333496,2.457070520352321,1.7566538184419889,0.0,0.09432172030210495,0.053403887897729874
1,1,21,21,50,0,-0.7002421617507935,-0.7015027403831482,0.0012605750234797597,0.8746019601821899,2.306818191447181,1.4644377830502169,0.0,0.08487781882286072,0.07842679135501385
