,batch_id,case_moving,case_fixed,phase_moving,phase_fixed,loss,loss_sim,loss_reg,ssim,tre,tre_std,folding_perc,std_jac_det,gpu_speed
0,0,3,3,50,0,-0.7661350965499878,-0.7687707543373108,0.0026356461457908154,0.9492213726043701,1.9302571722104311,1.2684538270019312,0.0,0.11154897511005402,0.0792183205485344
1,1,21,21,50,0,-0.7126116156578064,-0.7147761583328247,0.0021645708475261927,0.8864373564720154,2.1363885726732232,1.2056297016755335,0.0,0.1042717918753624,0.08305660262703896
