,batch_id,case_moving,case_fixed,phase_moving,phase_fixed,loss,loss_sim,loss_reg,ssim,tre,tre_std,folding_perc,std_jac_det,gpu_speed
0,0,3,3,50,0,-0.6774523258209229,-0.6776231527328491,0.00017080866382457316,0.8649820685386658,6.261128333036247,3.6707802360413857,0.0,0.03883874788880348,0.07621433027088642
1,1,21,21,50,0,-0.6348310112953186,-0.6349304914474487,9.945342753781006e-05,0.8049264550209045,5.649427847556336,3.4921092029309344,0.0,0.03002116270363331,0.05159575492143631
