,batch_id,case_moving,case_fixed,phase_moving,phase_fixed,loss,loss_sim,loss_reg,ssim,tre,tre_std,folding_perc,std_jac_det,gpu_speed
0,0,3,3,50,0,-0.6391711235046387,-0.6392338275909424,6.270639278227463e-05,0.8294374346733093,6.57744399293578,4.000065525817523,0.0,0.03024432808160782,0.061797017231583595
1,1,21,21,50,0,-0.6352378726005554,-0.6352973580360413,5.949410842731595e-05,0.8015232682228088,6.361089889457866,3.697603725288817,0.0,0.028711587190628052,0.06160370446741581
