,batch_id,case_moving,case_fixed,phase_moving,phase_fixed,loss,loss_sim,loss_reg,ssim,tre,tre_std,folding_perc,std_jac_det,gpu_speed
0,0,3,3,50,0,-0.42094454169273376,-0.4226716458797455,0.0017270997632294893,0.623695969581604,9.977052255870364,3.4876506047115443,0.0,0.12695440649986267,0.08678250759840012
1,1,21,21,50,0,-0.34580230712890625,-0.34785544872283936,0.0020531490445137024,0.5190761685371399,10.065848478077232,3.054427730432283,0.0,0.13228008151054382,0.09136916510760784
