,batch_id,case_moving,case_fixed,phase_moving,phase_fixed,loss,loss_sim,loss_reg,ssim,tre,tre_std,folding_perc,std_jac_det,gpu_speed
0,0,3,3,50,0,-0.6942514777183533,-0.6947575807571411,0.000506110314745456,0.8743195533752441,,,0.0,0.0390423946082592,0.034812700003385544
1,1,21,21,50,0,-0.6370293498039246,-0.6374546885490417,0.00042536293040029705,0.806113064289093,,,0.0,0.03608148917555809,0.03509159991517663
