,batch_id,case_moving,case_fixed,phase_moving,phase_fixed,loss,loss_sim,loss_reg,ssim,tre,tre_std,folding_perc,std_jac_det,gpu_speed
0,0,3,3,50,0,-0.6945861577987671,-0.6950975656509399,0.000511403486598283,0.874801516532898,,,0.0,0.03917110338807106,0.03964319988153875
1,1,21,21,50,0,-0.6374870538711548,-0.6379156112670898,0.0004285617615096271,0.806691586971283,,,0.0,0.03611069917678833,0.04466500016860664
