,batch_id,case_moving,case_fixed,phase_moving,phase_fixed,loss,loss_sim,loss_reg,ssim,tre,tre_std,folding_perc,std_jac_det,gpu_speed
0,0,4,4,50,0,-0.7056548595428467,-0.706864595413208,0.0012097422732040286,0.9036109447479248,3.5927191183679774,2.5744586216144985,0.0,0.09187395125627518,46.59295444749296
1,1,7,7,50,0,-0.6949030756950378,-0.6962801814079285,0.0013771092053502798,0.8317537903785706,6.407272166880985,4.8226898138135095,0.0,0.09021946042776108,0.06483783572912216
2,2,9,9,50,0,-0.6786196827888489,-0.6795620322227478,0.0009423227747902274,0.9140638709068298,3.891477038834921,2.169483736887132,0.0,0.07121684402227402,0.05800560303032398
3,3,10,10,50,0,-0.6737202405929565,-0.6750007271766663,0.001280499971471727,0.8648347854614258,4.228806061961955,3.9612526754121875,0.0,0.08511116355657578,0.05960134416818619
4,4,26,26,50,0,-0.5993738770484924,-0.6006363034248352,0.0012624182272702456,0.7139906287193298,8.56575557143832,5.156547957186692,0.0,0.08336547762155533,0.058655185624957085
5,5,27,27,50,0,-0.7497318387031555,-0.7509046792984009,0.001172814634628594,0.8669966459274292,1.83683235032094,0.8177495841680776,0.0,0.0906454548239708,0.06040804088115692
