,batch_id,case_moving,case_fixed,phase_moving,phase_fixed,loss,loss_sim,loss_reg,ssim,tre,tre_std,folding_perc,std_jac_det,gpu_speed
0,0,3,3,50,0,-0.6437636613845825,-0.6445767283439636,0.0008130515925586224,0.8324915170669556,10.429960729820843,6.501581425584714,0.0,0.0759168416261673,0.05177604407072067
1,1,21,21,50,0,-0.6344524025917053,-0.6352304220199585,0.0007780019077472389,0.7942166328430176,12.14840801057781,6.838715206269705,0.0,0.07191784679889679,0.05095956102013588
