,batch_id,case_moving,case_fixed,phase_moving,phase_fixed,loss,loss_sim,loss_reg,ssim,tre,tre_std,folding_perc,std_jac_det,gpu_speed
0,0,3,3,50,0,-0.6360029578208923,-0.6367621421813965,0.0007591830799356103,0.8220879435539246,10.982897969906688,6.32037628598504,0.0,0.07097022980451584,0.051683660596609116
1,1,21,21,50,0,-0.6323522329330444,-0.6330198645591736,0.0006676100892946124,0.7908026576042175,12.324806883359443,6.4642706717194915,0.0,0.06568901240825653,0.05224611610174179
