,batch_id,case_moving,case_fixed,phase_moving,phase_fixed,loss,loss_sim,loss_reg,ssim,tre,tre_std,folding_perc,std_jac_det,gpu_speed
0,0,3,3,50,0,-0.694345235824585,-0.6948531270027161,0.0005078855319879949,0.8744651675224304,,,0.0,0.0390840582549572,0.03381589986383915
1,1,21,21,50,0,-0.6371710300445557,-0.637597382068634,0.0004263607261236757,0.8062910437583923,,,0.0,0.03608864173293114,0.034184700110927224
