,batch_id,case_moving,case_fixed,phase_moving,phase_fixed,loss,loss_sim,loss_reg,ssim,tre,tre_std,folding_perc,std_jac_det,gpu_speed
0,0,3,3,50,0,-0.674236536026001,-0.6742838621139526,4.730621003545821e-05,0.8567056655883789,6.237145729167433,3.9324788645111943,0.0,0.022236911579966545,0.0679999515414238
1,1,21,21,50,0,-0.645866334438324,-0.6459095478057861,4.320889638620429e-05,0.8127094507217407,6.005041279246086,3.3935948324730596,0.0,0.020675111562013626,0.06733274273574352
