,batch_id,case_moving,case_fixed,phase_moving,phase_fixed,loss,loss_sim,loss_reg,ssim,tre,tre_std,folding_perc,std_jac_det,gpu_speed
0,0,3,3,50,0,-0.39457714557647705,-0.39661139249801636,0.0020342511124908924,0.6085618138313293,5.488534665563507,2.1091528937882336,0.0,0.11176300048828125,0.04840599372982979
1,1,21,21,50,0,-0.38966262340545654,-0.39180585741996765,0.002143226098269224,0.5941426157951355,4.911373589869017,2.1231320093624135,0.0,0.11458234488964081,0.04740101657807827
