,batch_id,case_moving,case_fixed,phase_moving,phase_fixed,loss,loss_sim,loss_reg,ssim,tre,tre_std,folding_perc,std_jac_det,gpu_speed
0,0,4,4,50,0,-0.7033643126487732,-0.7044172286987305,0.0010528976563364267,0.8998109698295593,4.212858075399425,2.864584998077456,0.0,0.08343368023633957,45.53172552771866
1,1,7,7,50,0,-0.6963882446289062,-0.6974624395370483,0.0010742162121459842,0.8281705975532532,7.509630002121832,5.121947619769025,0.0,0.07752364128828049,0.05277288891375065
2,2,9,9,50,0,-0.6864757537841797,-0.6872790455818176,0.000803318340331316,0.9190120100975037,4.039487919707861,2.4234243451373834,0.0,0.06344761699438095,0.04679115116596222
3,3,10,10,50,0,-0.6799241900444031,-0.680928647518158,0.0010044581722468138,0.8658732175827026,4.622420511307884,4.535438343650784,0.0,0.07243368029594421,0.04721500910818577
4,4,26,26,50,0,-0.5956994891166687,-0.596630334854126,0.0009308645967394114,0.7084552645683289,9.48329188078468,5.880857403486304,0.0,0.06931891292333603,0.047006359323859215
5,5,27,27,50,0,-0.7552354335784912,-0.7561840415000916,0.0009485817281529307,0.8701640963554382,2.026661055558059,0.9937728871499277,0.0,0.08139210939407349,0.04696759767830372
