,batch_id,case_moving,case_fixed,phase_moving,phase_fixed,loss,loss_sim,loss_reg,ssim,tre,tre_std,folding_perc,std_jac_det,gpu_speed
0,0,3,3,50,0,-0.3478681147098541,-0.3529791831970215,0.005111056379973888,0.568385899066925,5.930552831658549,2.5661572818936853,0.0,0.12597216665744781,0.049732351675629616
1,1,21,21,50,0,-0.3332541286945343,-0.33859995007514954,0.005345822311937809,0.5341978073120117,6.843250508507107,1.8162120140797375,0.0,0.1252317577600479,0.05013071931898594
