,batch_id,case_moving,case_fixed,phase_moving,phase_fixed,loss,loss_sim,loss_reg,ssim,tre,tre_std,folding_perc,std_jac_det,gpu_speed
0,0,3,3,50,0,-0.3740348815917969,-0.37539127469062805,0.0013564041582867503,0.5668509602546692,10.628021170077004,3.0855878380410755,0.0,0.09137365221977234,0.07803130336105824
1,1,21,21,50,0,-0.3048202097415924,-0.3063935339450836,0.0015733351465314627,0.46726754307746887,11.07697298506088,2.6089593133676114,0.0,0.09855923801660538,0.07938113994896412
