,batch_id,case_moving,case_fixed,phase_moving,phase_fixed,loss,loss_sim,loss_reg,ssim,tre,tre_std,folding_perc,std_jac_det,gpu_speed
0,0,3,3,50,0,-0.664402186870575,-0.6644574403762817,5.525313827092759e-05,0.8506489992141724,5.933839150713469,3.845774308373074,0.0,0.02102663367986679,0.04743032529950142
1,1,21,21,50,0,-0.6389556527137756,-0.6390124559402466,5.679085006704554e-05,0.808432400226593,5.653847436696773,3.2653111063002918,0.0,0.02074531652033329,0.05012113228440285
