,batch_id,case_moving,case_fixed,phase_moving,phase_fixed,loss,loss_sim,loss_reg,ssim,tre,tre_std,folding_perc,std_jac_det,gpu_speed
0,0,3,3,50,0,-0.6945873498916626,-0.695098876953125,0.0005115225212648511,0.8748120069503784,,,0.0,0.039173949509859085,0.04709389992058277
1,1,21,21,50,0,-0.6374932527542114,-0.6379218697547913,0.00042860431130975485,0.8066956996917725,,,0.0,0.03610983490943909,0.04016169998794794
