,batch_id,case_moving,case_fixed,phase_moving,phase_fixed,loss,loss_sim,loss_reg,ssim,tre,tre_std,folding_perc,std_jac_det,gpu_speed
0,0,3,3,50,0,-0.7442712783813477,-0.7457824349403381,0.0015111550455912948,0.9294388890266418,2.636571742949205,1.9010188544119588,0.0,0.09602930396795273,0.05935082025825977
1,1,21,21,50,0,-0.6981130838394165,-0.6994315981864929,0.0013185334391891956,0.8725263476371765,2.2516330643672826,1.5054976913479208,0.0,0.08854339271783829,0.047923484817147255
