,batch_id,case_moving,case_fixed,phase_moving,phase_fixed,loss,loss_sim,loss_reg,ssim,tre,tre_std,folding_perc,std_jac_det,gpu_speed
0,0,3,3,50,0,-0.7376506328582764,-0.7384636998176575,0.0008130548521876335,0.9245235323905945,3.15752576453906,2.4161961941554004,0.0,0.06458546221256256,0.05762858875095844
1,1,21,21,50,0,-0.7112966775894165,-0.7120367288589478,0.0007400421309284866,0.8841930031776428,2.1333276771278835,1.4729929632293821,0.0,0.0576520636677742,0.06625324487686157
