,batch_id,case_moving,case_fixed,phase_moving,phase_fixed,loss,loss_sim,loss_reg,ssim,tre,tre_std,folding_perc,std_jac_det,gpu_speed
0,0,3,3,50,0,-0.6943964958190918,-0.6949052214622498,0.0005087313475087285,0.874538242816925,5.512223200493933,3.705721132637234,0.0,0.039103150367736816,0.040341200001421385
1,1,21,21,50,0,-0.6372511386871338,-0.6376780271530151,0.0004269001947250217,0.8063939213752747,5.496461357376126,3.155280086308453,0.0,0.03609459474682808,0.04091020000123535
