,batch_id,case_moving,case_fixed,phase_moving,phase_fixed,loss,loss_sim,loss_reg,ssim,tre,tre_std,folding_perc,std_jac_det,gpu_speed
0,0,4,4,50,0,-0.7374646067619324,-0.7414261698722839,0.003961548209190369,0.9332951903343201,2.6206659204297527,1.6321249360945584,0.0,0.15899766981601715,47.174370342865586
1,1,7,7,50,0,-0.7336207032203674,-0.7389363646507263,0.005315655842423439,0.8706361055374146,4.489287273150326,3.765562043707712,0.0,0.16150645911693573,0.13759097456932068
2,2,9,9,50,0,-0.6950544118881226,-0.6977757811546326,0.0027213417924940586,0.9258009791374207,3.718511130457468,2.2596536183651663,0.0,0.12327349185943604,0.05988222919404507
3,3,10,10,50,0,-0.7083281874656677,-0.7125517129898071,0.004223519936203957,0.9004657864570618,2.6829123569870754,2.4197910729032084,0.0,0.14648859202861786,0.06018920801579952
4,4,26,26,50,0,-0.6215128302574158,-0.6277011632919312,0.0061883218586444855,0.7454594969749451,5.880366791670236,3.3199871087032315,0.00018687588453758508,0.17513969540596008,0.059110499918460846
5,5,27,27,50,0,-0.8337904810905457,-0.8380706310272217,0.0042801531963050365,0.9365250468254089,1.3359773150454048,0.5434037305925661,0.00024916784605011344,0.17836806178092957,0.07556584477424622
