,batch_id,case_moving,case_fixed,phase_moving,phase_fixed,loss,loss_sim,loss_reg,ssim,tre,tre_std,folding_perc,std_jac_det,gpu_speed
0,0,3,3,50,0,-0.6944679617881775,-0.694977879524231,0.0005099368281662464,0.8746362328529358,,,0.0,0.03913572430610657,0.03941540000960231
1,1,21,21,50,0,-0.6373144388198853,-0.6377421617507935,0.00042770663276314735,0.8064911365509033,,,0.0,0.036108486354351044,0.03557730000466108
