,batch_id,case_moving,case_fixed,phase_moving,phase_fixed,loss,loss_sim,loss_reg,ssim,tre,tre_std,folding_perc,std_jac_det,gpu_speed
0,0,4,4,50,0,-0.7079795598983765,-0.7090463042259216,0.0010667319875210524,0.9041634202003479,3.7195514174168443,2.7489406313825233,0.0,0.08662261068820953,46.395880330353975
1,1,7,7,50,0,-0.7019456624984741,-0.7031288743019104,0.0011832264717668295,0.8368980288505554,6.287773783704949,5.341476473187117,0.0,0.08637817949056625,0.06856999173760414
2,2,9,9,50,0,-0.6821570992469788,-0.6829512119293213,0.0007941083749756217,0.9159106016159058,4.231465105838484,2.570635100147403,0.0,0.06942155212163925,0.06013663485646248
3,3,10,10,50,0,-0.6807619333267212,-0.68184494972229,0.0010830032406374812,0.8696129322052002,4.139105708967221,4.343382120758665,0.0,0.08091337233781815,0.061035629361867905
4,4,26,26,50,0,-0.5961386561393738,-0.5971750020980835,0.0010363677283748984,0.7101974487304688,9.38618276593402,5.473345885339326,0.0,0.07993150502443314,0.061286505311727524
5,5,27,27,50,0,-0.7464905977249146,-0.7475395202636719,0.001048909267410636,0.8607606291770935,1.9451573871587966,1.1190568468104327,0.0,0.09056011587381363,0.06039516255259514
