,batch_id,case_moving,case_fixed,phase_moving,phase_fixed,loss,loss_sim,loss_reg,ssim,tre,tre_std,folding_perc,std_jac_det,gpu_speed
0,0,3,3,50,0,-0.7442657351493835,-0.7469770908355713,0.0027113649994134903,0.9302048683166504,2.6281726825702,1.8216113258252031,0.0,0.09103377908468246,0.037358300000050804
1,1,21,21,50,0,-0.6981039047241211,-0.700522243976593,0.002418367424979806,0.8736380934715271,2.2638686689590526,1.5701352253967797,0.0,0.08480817079544067,0.04183310000007623
