,batch_id,case_moving,case_fixed,phase_moving,phase_fixed,loss,loss_sim,loss_reg,ssim,tre,tre_std,folding_perc,std_jac_det,gpu_speed
0,0,3,3,50,0,-0.7454966306686401,-0.7469784617424011,0.0014818161725997925,0.929794430732727,2.520140634838191,1.779663315766921,0.0,0.09496387094259262,0.06476922146975994
1,1,21,21,50,0,-0.6982320547103882,-0.6995444893836975,0.0013124191900715232,0.8727878928184509,2.3186740546550078,1.4698922287725904,0.0,0.08694618940353394,0.07755559496581554
