,batch_id,case_moving,case_fixed,phase_moving,phase_fixed,loss,loss_sim,loss_reg,ssim,tre,tre_std,folding_perc,std_jac_det,gpu_speed
0,0,4,4,50,0,-0.7038064002990723,-0.7047752141952515,0.0009688070858828723,0.9018145799636841,4.240390587280688,2.8562360802992766,0.0,0.08230167627334595,45.72590663470328
1,1,7,7,50,0,-0.6923180222511292,-0.6932023763656616,0.0008843426476232708,0.8242077827453613,7.141264622263661,5.291730517626472,0.0,0.06918925791978836,0.05341050401329994
2,2,9,9,50,0,-0.6721897125244141,-0.6728717684745789,0.0006820348789915442,0.9085066318511963,4.496294146865653,2.5720386532228607,0.0,0.060735754668712616,0.04727153666317463
3,3,10,10,50,0,-0.6764476299285889,-0.6773098707199097,0.0008622455643489957,0.8660975098609924,4.220744442749764,4.333211246832715,0.0,0.0683533325791359,0.048995813354849815
4,4,26,26,50,0,-0.5883060097694397,-0.5891659259796143,0.0008599187713116407,0.7012345790863037,9.308556653096373,5.201814382616194,0.0,0.07009463757276535,0.04704960808157921
5,5,27,27,50,0,-0.7291260957717896,-0.7299903631210327,0.0008642526809126139,0.8420003056526184,2.1757050613017896,1.4352669662546724,0.0,0.08028198778629303,0.04738806001842022
