,batch_id,case_moving,case_fixed,phase_moving,phase_fixed,loss,loss_sim,loss_reg,ssim,tre,tre_std,folding_perc,std_jac_det,gpu_speed
0,0,3,3,50,0,-0.7316818237304688,-0.7325628399848938,0.0008810317958705127,0.9186936020851135,3.4605436890949544,2.5832708603214973,0.0,0.06949514150619507,0.049196137115359306
1,1,21,21,50,0,-0.7031217813491821,-0.7038722038269043,0.000750402919948101,0.8775111436843872,2.127791118424097,1.524219822398964,0.0,0.05960921198129654,0.06556667387485504
