,batch_id,case_moving,case_fixed,phase_moving,phase_fixed,loss,loss_sim,loss_reg,ssim,tre,tre_std,folding_perc,std_jac_det,gpu_speed
0,0,3,3,50,0,-0.3940248489379883,-0.3957884907722473,0.0017636290285736322,0.6140154600143433,5.113598586865522,2.0620465586754113,0.0,0.10265912115573883,0.0588955320417881
1,1,21,21,50,0,-0.37741997838020325,-0.379290372133255,0.001870379550382495,0.581080436706543,4.944395894964482,1.9471812147880363,0.0,0.10454907268285751,0.059095535427331924
