,batch_id,case_moving,case_fixed,phase_moving,phase_fixed,loss,loss_sim,loss_reg,ssim,tre,tre_std,folding_perc,std_jac_det,gpu_speed
0,0,3,3,50,0,-0.7488386034965515,-0.7503494024276733,0.0015108210500329733,0.9323163032531738,2.4993193328386965,1.8469130187553313,0.0,0.09418278187513351,0.08540062047541142
1,1,21,21,50,0,-0.6966613531112671,-0.6980083584785461,0.0013470182893797755,0.872762143611908,2.333883350589091,1.4905882550841227,0.0,0.086168572306633,0.05246705003082752
