,batch_id,case_moving,case_fixed,phase_moving,phase_fixed,loss,loss_sim,loss_reg,ssim,tre,tre_std,folding_perc,std_jac_det,gpu_speed
0,0,3,3,50,0,-0.6463489532470703,-0.6464508175849915,0.00010185176506638527,0.8341307044029236,6.089182128072398,3.8634148412631406,0.0,0.03275788202881813,0.04738397151231766
1,1,21,21,50,0,-0.631293773651123,-0.6313729882240295,7.919999188743532e-05,0.7971469759941101,5.736602806050602,3.2761331574173798,0.0,0.026970522478222847,0.04742829501628876
