,batch_id,case_moving,case_fixed,phase_moving,phase_fixed,loss,loss_sim,loss_reg,ssim,tre,tre_std,folding_perc,std_jac_det,gpu_speed
0,0,3,3,50,0,-0.6692287921905518,-0.6692633032798767,3.453879980952479e-05,0.8517387509346008,6.78953355561691,4.035853502099946,0.0,0.019933175295591354,0.04807977378368378
1,1,21,21,50,0,-0.6412932276725769,-0.641322910785675,2.970452987938188e-05,0.8054322600364685,6.466006770028705,3.5295645269633007,0.0,0.01870020106434822,0.04615591652691364
