,batch_id,case_moving,case_fixed,phase_moving,phase_fixed,loss,loss_sim,loss_reg,ssim,tre,tre_std,folding_perc,std_jac_det,gpu_speed
0,0,4,4,50,0,-0.737848162651062,-0.7402104735374451,0.002362322760745883,0.927304208278656,3.022839705715071,2.387527443350445,0.0,0.13690492510795593,46.55724882520735
1,1,7,7,50,0,-0.7315310835838318,-0.7345584034919739,0.003027341328561306,0.8692433834075928,5.45691650033208,4.782702672678416,0.0,0.13837555050849915,0.0904198419302702
2,2,9,9,50,0,-0.7074493169784546,-0.7089664340019226,0.0015171136474236846,0.931410551071167,3.274983943391223,2.0527671433408443,0.0,0.09447068721055984,0.06860498897731304
3,3,10,10,50,0,-0.7233330607414246,-0.7257707118988037,0.0024376469664275646,0.9061468243598938,3.4214391316353874,3.7901558623169556,0.0,0.1260201334953308,0.05938687548041344
4,4,26,26,50,0,-0.6437078714370728,-0.6475266814231873,0.003818810684606433,0.766470193862915,5.012786342031502,4.442503853199624,0.0,0.14591309428215027,0.058729516342282295
5,5,27,27,50,0,-0.797967791557312,-0.8000047206878662,0.0020369268022477627,0.9080268740653992,1.4147454673558653,0.6708468264570084,0.0,0.131776362657547,0.05901603028178215
