,batch_id,case_moving,case_fixed,phase_moving,phase_fixed,loss,loss_sim,loss_reg,ssim,tre,tre_std,folding_perc,std_jac_det,gpu_speed
0,0,3,3,50,0,-0.7650356292724609,-0.7671882510185242,0.002152622677385807,0.9436892867088318,1.9548231704195944,1.384050009217005,0.0,0.09979167580604553,0.0607701800763607
1,1,21,21,50,0,-0.7213859558105469,-0.7231648564338684,0.0017789273988455534,0.892940104007721,1.7914705759597842,1.2756802607577011,0.0,0.08953532576560974,0.05835629627108574
