,batch_id,case_moving,case_fixed,phase_moving,phase_fixed,loss,loss_sim,loss_reg,ssim,tre,tre_std,folding_perc,std_jac_det,gpu_speed
0,0,4,4,50,0,-0.5403375625610352,-0.543466329574585,0.0031287577003240585,0.7543451189994812,11.849530661329288,3.9886278231600647,0.0004983356921002269,0.16833414137363434,46.441440565511584
1,1,7,7,50,0,-0.5474388003349304,-0.5513719916343689,0.00393318897113204,0.6936584115028381,13.221077621557821,6.204554779482813,0.0990130752325058,0.19969165325164795,0.09892481938004494
2,2,9,9,50,0,-0.5717217922210693,-0.5743210315704346,0.0025992454029619694,0.8228955864906311,7.1997527059057225,3.361733812412267,0.04787137359380722,0.15822842717170715,0.06045530550181866
3,3,10,10,50,0,-0.6103469133377075,-0.6129693984985352,0.002622513100504875,0.812724769115448,6.610370820833028,6.156735678238187,0.04656324163079262,0.15901221334934235,0.06159019656479359
4,4,26,26,50,0,-0.4855448007583618,-0.48951956629753113,0.003974767867475748,0.6057121157646179,13.563160828178953,7.7806393846661175,0.26013123989105225,0.20191244781017303,0.05882466956973076
5,5,27,27,50,0,-0.6763565540313721,-0.6795814633369446,0.003224932588636875,0.7943562865257263,3.6671418803064637,2.4718068168416227,0.0764322355389595,0.18139220774173737,0.06182224489748478
