,batch_id,case_moving,case_fixed,phase_moving,phase_fixed,loss,loss_sim,loss_reg,ssim,tre,tre_std,folding_perc,std_jac_det,gpu_speed
0,0,3,3,50,0,-0.3945784866809845,-0.3966127336025238,0.0020342557691037655,0.6085625290870667,5.488499562194304,2.1091813597399693,0.0,0.11176329851150513,0.053991932421922684
1,1,21,21,50,0,-0.3896600306034088,-0.3918032646179199,0.002143227495253086,0.5941397547721863,4.91139291646215,2.12312904040814,0.0,0.11458255350589752,0.052313243970274925
