,batch_id,case_moving,case_fixed,phase_moving,phase_fixed,loss,loss_sim,loss_reg,ssim,tre,tre_std,folding_perc,std_jac_det,gpu_speed
0,0,3,3,50,0,-0.7459473609924316,-0.7484490871429443,0.002501704730093479,0.9306399822235107,2.7072678740195433,1.9680101543671935,0.0,0.08924378454685211,0.03566080000018701
1,1,21,21,50,0,-0.6963197588920593,-0.6985799074172974,0.002260121051222086,0.8714926838874817,2.3767186803971914,1.5764038673644114,0.0,0.08219021558761597,0.03459350000048289
