,batch_id,case_moving,case_fixed,phase_moving,phase_fixed,loss,loss_sim,loss_reg,ssim,tre,tre_std,folding_perc,std_jac_det,gpu_speed
0,0,3,3,50,0,-0.733734130859375,-0.7346181869506836,0.0008840741356834769,0.9228641986846924,3.4517107005429444,2.609613976110788,0.0,0.068311907351017,0.0873357504606247
1,1,21,21,50,0,-0.7109956741333008,-0.7117239832878113,0.0007282999577000737,0.8829454779624939,2.03709081822181,1.5880806466823787,0.0,0.05837736651301384,0.06455696374177933
