,batch_id,case_moving,case_fixed,phase_moving,phase_fixed,loss,loss_sim,loss_reg,ssim,tre,tre_std,folding_perc,std_jac_det,gpu_speed
0,0,3,3,50,0,-0.5255546569824219,-0.5257794857025146,0.00022480788175016642,0.7221605181694031,7.014062584572847,3.463605220118042,0.0,0.03536275401711464,0.04727158881723881
1,1,21,21,50,0,-0.4997376799583435,-0.4999861717224121,0.0002484916476532817,0.6918172836303711,6.458379283942798,3.4295731746897697,0.0,0.037770532071590424,0.04732460714876652
