,batch_id,case_moving,case_fixed,phase_moving,phase_fixed,loss,loss_sim,loss_reg,ssim,tre,tre_std,folding_perc,std_jac_det,gpu_speed
0,0,3,3,50,0,-0.7657982110977173,-0.7683209180831909,0.0025227079167962074,0.9485527873039246,1.963224618855409,1.3547025071813403,0.0,0.11095722764730453,0.050963496789336205
1,1,21,21,50,0,-0.7151631116867065,-0.7171636819839478,0.002000595908612013,0.8888446688652039,2.013980175187347,1.1125339699275827,0.0,0.101560577750206,0.05050712265074253
