,batch_id,case_moving,case_fixed,phase_moving,phase_fixed,loss,loss_sim,loss_reg,ssim,tre,tre_std,folding_perc,std_jac_det,gpu_speed
0,0,4,4,50,0,-0.7050896883010864,-0.7060868740081787,0.0009971766266971827,0.8985711932182312,4.161873562621525,2.7401527983325473,0.0,0.07588238269090652,46.42895521968603
1,1,7,7,50,0,-0.7020673751831055,-0.7032391428947449,0.0011717783054336905,0.8332678079605103,6.803776562197209,5.073082204225472,0.0,0.073792465031147,0.07062820717692375
2,2,9,9,50,0,-0.6792953610420227,-0.6801458597183228,0.0008505118312314153,0.9125148057937622,4.497646565088875,2.564187107503466,0.0,0.061975639313459396,0.060423919931054115
3,3,10,10,50,0,-0.679135262966156,-0.6801891922950745,0.0010539364302530885,0.8701481223106384,4.107821487462377,4.292359268107251,0.0,0.07092415541410446,0.059934623539447784
4,4,26,26,50,0,-0.5987777709960938,-0.5999325513839722,0.0011547685135155916,0.7108367085456848,8.627430859263704,4.957345369698726,0.0,0.07531566917896271,0.060004591941833496
5,5,27,27,50,0,-0.7245489954948425,-0.7254989743232727,0.0009499758016318083,0.8374002575874329,2.086121799775169,1.2147891705237426,0.0,0.08176249265670776,0.0593724362552166
