,batch_id,case_moving,case_fixed,phase_moving,phase_fixed,loss,loss_sim,loss_reg,ssim,tre,tre_std,folding_perc,std_jac_det,gpu_speed
0,0,3,3,50,0,-0.694688618183136,-0.6952010989189148,0.0005124651361256838,0.8749361634254456,,,0.0,0.03919491544365883,0.03626429999997072
1,1,21,21,50,0,-0.6376287937164307,-0.6380578279495239,0.00042904046131297946,0.8068550229072571,,,0.0,0.03610391169786453,0.03882989999999609
