,batch_id,case_moving,case_fixed,phase_moving,phase_fixed,loss,loss_sim,loss_reg,ssim,tre,tre_std,folding_perc,std_jac_det,gpu_speed
0,0,3,3,50,0,-0.7397862076759338,-0.7409890294075012,0.0012028336059302092,0.9333826303482056,2.92096550075218,2.398550908653399,0.0,0.08492384850978851,0.05840804986655712
1,1,21,21,50,0,-0.7224012017250061,-0.7233921885490417,0.000990992528386414,0.8924725651741028,1.8150151072155087,1.4318542562946655,0.0,0.07279705256223679,0.0586606040596962
