,batch_id,case_moving,case_fixed,phase_moving,phase_fixed,loss,loss_sim,loss_reg,ssim,tre,tre_std,folding_perc,std_jac_det,gpu_speed
0,0,4,4,50,0,-0.695895254611969,-0.6968685984611511,0.0009733260376378894,0.889345645904541,3.8342869244059887,2.525775453567114,0.0,0.07508809119462967,47.02470096386969
1,1,7,7,50,0,-0.6940749287605286,-0.6950681805610657,0.0009932597167789936,0.8265748620033264,6.49130221899814,5.155777098586036,0.0,0.07144427299499512,0.09316863305866718
2,2,9,9,50,0,-0.6691014170646667,-0.6697711944580078,0.0006698016077280045,0.9028193950653076,4.497839257435319,2.4792005655108325,0.0,0.05894731357693672,0.07992048934102058
3,3,10,10,50,0,-0.6700370907783508,-0.6709636449813843,0.0009265359258279204,0.8602439165115356,4.071308278198153,4.184770446573368,0.0,0.07021094858646393,0.08029836602509022
4,4,26,26,50,0,-0.5885113477706909,-0.5894902944564819,0.0009789582109078765,0.6997080445289612,8.894238938485268,4.915854315407141,0.0,0.07012905180454254,0.08018311485648155
5,5,27,27,50,0,-0.7335893511772156,-0.7343488931655884,0.0007595549104735255,0.8449652791023254,2.046153177113557,1.3020063042983425,0.0,0.07061851769685745,0.08628291077911854
