,batch_id,case_moving,case_fixed,phase_moving,phase_fixed,loss,loss_sim,loss_reg,ssim,tre,tre_std,folding_perc,std_jac_det,gpu_speed
0,0,3,3,50,0,-0.694129228591919,-0.6946326494216919,0.0005033911438658834,0.874135434627533,,,0.0,0.03898235037922859,0.037291100015863776
1,1,21,21,50,0,-0.6368315815925598,-0.6372553110122681,0.0004237190296407789,0.8058661222457886,,,0.0,0.036062393337488174,0.03776740003377199
