,batch_id,case_moving,case_fixed,phase_moving,phase_fixed,loss,loss_sim,loss_reg,ssim,tre,tre_std,folding_perc,std_jac_det,gpu_speed
0,0,3,3,50,0,-0.7387416362762451,-0.7399903535842896,0.0012486911145970225,0.9309949278831482,2.8535807301969585,2.160828299055584,0.0,0.08191752433776855,0.06717335619032383
1,1,21,21,50,0,-0.7205179333686829,-0.7215299606323242,0.001012030290439725,0.8919515609741211,1.7992066338500663,1.2405583503749782,0.0,0.07009342312812805,0.059300102293491364
