,batch_id,case_moving,case_fixed,phase_moving,phase_fixed,loss,loss_sim,loss_reg,ssim,tre,tre_std,folding_perc,std_jac_det,gpu_speed
0,0,3,3,50,0,-0.39457786083221436,-0.39661210775375366,0.0020342411007732153,0.6085629463195801,5.488499776945922,2.1091571377453957,0.0,0.11176283657550812,0.05153662525117397
1,1,21,21,50,0,-0.3896624445915222,-0.39180564880371094,0.0021432123612612486,0.5941419005393982,4.911366911077731,2.123123401953978,0.0,0.11458209156990051,0.05366339720785618
