,batch_id,case_moving,case_fixed,phase_moving,phase_fixed,loss,loss_sim,loss_reg,ssim,tre,tre_std,folding_perc,std_jac_det,gpu_speed
0,0,3,3,50,0,-0.6649564504623413,-0.664982795715332,2.63294750766363e-05,0.8487050533294678,7.333301166195965,4.1177482262148315,0.0,0.014301842078566551,0.06184275075793266
1,1,21,21,50,0,-0.6328569650650024,-0.6328831315040588,2.6157778847846203e-05,0.7958874702453613,7.098223711488976,3.648544345900329,0.0,0.014703650027513504,0.0662971530109644
