,batch_id,case_moving,case_fixed,phase_moving,phase_fixed,loss,loss_sim,loss_reg,ssim,tre,tre_std,folding_perc,std_jac_det,gpu_speed
0,0,3,3,50,0,-0.6282405257225037,-0.6284599900245667,0.00021948774519842118,0.8239787220954895,5.602390183984997,3.6502310299530225,0.0,0.043159205466508865,0.08390002883970737
1,1,21,21,50,0,-0.6144846677780151,-0.6146624684333801,0.00017777387984097004,0.7899714708328247,5.231434428804211,3.336049821354764,0.0,0.035773713141679764,0.08356381021440029
