,batch_id,case_moving,case_fixed,phase_moving,phase_fixed,loss,loss_sim,loss_reg,ssim,tre,tre_std,folding_perc,std_jac_det,gpu_speed
0,0,3,3,50,0,-0.6643949747085571,-0.6644502282142639,5.5269498261623085e-05,0.850642204284668,5.933743936540896,3.8457381602167735,0.0,0.0210313331335783,0.059034496545791626
1,1,21,21,50,0,-0.6389546990394592,-0.6390115022659302,5.6802862673066556e-05,0.8084313869476318,5.653742991301882,3.2652582766960676,0.0,0.020748551934957504,0.06001557968556881
