,batch_id,case_moving,case_fixed,phase_moving,phase_fixed,loss,loss_sim,loss_reg,ssim,tre,tre_std,folding_perc,std_jac_det,gpu_speed
0,0,3,3,50,0,-0.7191298007965088,-0.7210145592689514,0.001884775934740901,0.8995129466056824,6.806257656363125,5.27177738923518,0.0,0.11778195947408676,0.08572866022586823
1,1,21,21,50,0,-0.6928920149803162,-0.6947125792503357,0.00182054634205997,0.8578758239746094,5.623538421789483,5.215203999297761,0.0,0.11665415018796921,0.08760309405624866
