,batch_id,case_moving,case_fixed,phase_moving,phase_fixed,loss,loss_sim,loss_reg,ssim,tre,tre_std,folding_perc,std_jac_det,gpu_speed
0,0,3,3,50,0,-0.6253534555435181,-0.6254373788833618,8.390973380301148e-05,0.8141818046569824,5.796149342014339,3.674300463831056,0.0,0.023999162018299103,0.07302825339138508
1,1,21,21,50,0,-0.6096548438072205,-0.6097469925880432,9.212924487655982e-05,0.7865452766418457,5.2947590042714845,3.207324348249528,0.0,0.025115711614489555,0.07082362286746502
