,batch_id,case_moving,case_fixed,phase_moving,phase_fixed,loss,loss_sim,loss_reg,ssim,tre,tre_std,folding_perc,std_jac_det,gpu_speed
0,0,3,3,50,0,-0.6391715407371521,-0.6392342448234558,6.270567246247083e-05,0.8294373750686646,6.577438289127099,4.0000652035387425,0.0,0.03024415299296379,0.08042988926172256
1,1,21,21,50,0,-0.6352372169494629,-0.6352967023849487,5.949332989985123e-05,0.8015236258506775,6.361082134878339,3.697604149793623,0.0,0.028711387887597084,0.08205662667751312
