,batch_id,case_moving,case_fixed,phase_moving,phase_fixed,loss,loss_sim,loss_reg,ssim,tre,tre_std,folding_perc,std_jac_det,gpu_speed
0,0,4,4,50,0,-0.6871086955070496,-0.6890965104103088,0.001987805590033531,0.8732331991195679,10.097337236935354,6.206534073060235,0.0,0.12304151058197021,46.53463057987392
1,1,7,7,50,0,-0.6752911806106567,-0.6785979270935059,0.0033067320473492146,0.8018389940261841,12.069808436749799,8.91771401750114,0.0,0.15094459056854248,0.07599548436701298
2,2,9,9,50,0,-0.6706496477127075,-0.6722278594970703,0.001578216440975666,0.8993467092514038,8.08567544082272,5.057706696972439,0.0,0.10655205696821213,0.0610971637070179
3,3,10,10,50,0,-0.6668652892112732,-0.6695637106895447,0.002698404248803854,0.845910906791687,7.317057589903905,7.342660581666798,0.0,0.14189769327640533,0.05961553007364273
4,4,26,26,50,0,-0.598124086856842,-0.6019537448883057,0.0038296710699796677,0.7110018730163574,15.831709341055399,9.310019708147358,0.00028031383408233523,0.1613704115152359,0.0607403963804245
5,5,27,27,50,0,-0.7402180433273315,-0.7422627210617065,0.0020446795970201492,0.8507246971130371,4.2898689108328965,3.6608181671862443,0.0,0.12585897743701935,0.05972130224108696
