,batch_id,case_moving,case_fixed,phase_moving,phase_fixed,loss,loss_sim,loss_reg,ssim,tre,tre_std,folding_perc,std_jac_det,gpu_speed
0,0,3,3,50,0,-0.7474756240844727,-0.7489170432090759,0.0014414106262847781,0.9315989017486572,2.471641766353171,1.8091111508388404,0.0,0.09353075921535492,0.08672626689076424
1,1,21,21,50,0,-0.7005708813667297,-0.701819121837616,0.0012482265010476112,0.8750055432319641,2.259684515203307,1.4856216689492643,0.0,0.08447981625795364,0.08702949434518814
