,batch_id,case_moving,case_fixed,phase_moving,phase_fixed,loss,loss_sim,loss_reg,ssim,tre,tre_std,folding_perc,std_jac_det,gpu_speed
0,0,3,3,50,0,-0.6394652128219604,-0.6405787467956543,0.001113533042371273,0.8263436555862427,9.034186614042648,4.091252823574535,0.0,0.10989559441804886,0.07860112562775612
1,1,21,21,50,0,-0.614132285118103,-0.6150270104408264,0.0008947413880378008,0.7794398069381714,7.904026637802236,4.030147822919831,0.0,0.09864171594381332,0.053671831265091896
