,batch_id,case_moving,case_fixed,phase_moving,phase_fixed,loss,loss_sim,loss_reg,ssim,tre,tre_std,folding_perc,std_jac_det,gpu_speed
0,0,4,4,50,0,-0.6884583830833435,-0.6899297833442688,0.001471370691433549,0.8857365250587463,3.8028745947371436,2.4142470115600223,0.0,0.10273202508687973,47.89026627317071
1,1,7,7,50,0,-0.7042871117591858,-0.7058456540107727,0.001558553776703775,0.839384138584137,6.0070623032345365,5.4034333757135915,0.0,0.0996864065527916,0.09238972328603268
2,2,9,9,50,0,-0.6703557968139648,-0.6713600158691406,0.001004248857498169,0.9052184224128723,4.458617458360529,2.091375419501902,0.0,0.07827828824520111,0.08210820145905018
3,3,10,10,50,0,-0.6852806210517883,-0.6866868734359741,0.001406256458722055,0.8734213709831238,3.748598523877778,3.814421055038823,0.0,0.0929061770439148,0.08130995742976665
4,4,26,26,50,0,-0.5960631370544434,-0.5975291132926941,0.0014659918379038572,0.710747241973877,8.542605083865247,5.117070408128963,0.0,0.0930461511015892,0.08090069331228733
5,5,27,27,50,0,-0.7536137104034424,-0.7548190355300903,0.001205339329317212,0.867627739906311,2.0461297149953785,0.9515967338583758,0.0,0.09282327443361282,0.08008290641009808
