,batch_id,case_moving,case_fixed,phase_moving,phase_fixed,loss,loss_sim,loss_reg,ssim,tre,tre_std,folding_perc,std_jac_det,gpu_speed
0,0,3,3,50,0,-0.6253488659858704,-0.6254327893257141,8.390557195525616e-05,0.8141775727272034,5.796160243323162,3.67428166307021,0.0,0.023999115452170372,0.09150779247283936
1,1,21,21,50,0,-0.6096506118774414,-0.6097427606582642,9.212848090101033e-05,0.7865433692932129,5.2947496363988265,3.2073320000471837,0.0,0.025115836411714554,0.09872368164360523
