,batch_id,case_moving,case_fixed,phase_moving,phase_fixed,loss,loss_sim,loss_reg,ssim,tre,tre_std,folding_perc,std_jac_det,gpu_speed
0,0,3,3,50,0,-0.6253498792648315,-0.6254338026046753,8.390694711124524e-05,0.8141788840293884,5.796161174667389,3.674287856762511,0.0,0.023998908698558807,0.05865234509110451
1,1,21,21,50,0,-0.6096532940864563,-0.609745442867279,9.212891745846719e-05,0.7865439653396606,5.2947564747122176,3.20732008727627,0.0,0.025115754455327988,0.0590352788567543
